formula_id,formula_name,herbs,herb_count,book_title,chapter_title
0,麻黄汤,"['桂枝', '甘草', '苦杏仁', '麻黄']",4,经方使用手册,麻黄汤
1,葛根汤,"['大枣', '桂枝', '甘草', '生姜', '芍药', '葛根', '麻黄']",7,伤寒寻源,葛根汤
2,葛根加半夏汤,"['半夏', '大枣', '桂枝', '甘草', '生姜', '芍药', '葛根', '麻黄']",8,伤寒寻源,葛根加半夏汤
3,麻黄加术汤,"['桂枝', '甘草', '白术', '苦杏仁', '麻黄']",5,金匮名医验案精选,麻黄加术汤
4,桂枝甘草汤,"['桂枝', '甘草']",2,经方一百首,004、桂枝甘草汤
5,桂枝加附子汤,"['大枣', '甘草', '生姜', '白术', '肉桂', '附子']",6,伤寒论类方,桂枝加附子汤（二）
6,桂枝新加汤,"['人参', '大枣', '桂枝', '甘草', '生姜', '芍药']",6,伤寒寻源,桂枝新加汤
7,栝楼桂枝汤,"['大枣', '天花粉', '桂枝', '甘草', '生姜', '芍药']",6,金匮名医验案精选,栝蒌桂枝汤
8,桂枝去芍药汤,"['大枣', '甘草', '生姜']",3,伤寒论类方,桂枝去芍药汤（四）
9,桂枝去芍药加附子汤,"['大枣', '甘草', '生姜', '肉桂', '附子']",5,伤寒论类方,桂枝去芍药加附子汤（五）
10,桂枝麻黄各半汤,"['大枣', '桂枝', '甘草', '生姜', '芍药', '苦杏仁', '麻黄']",7,伤寒发微,太阳篇
11,桂枝二麻黄一汤,"['大枣', '桂枝', '甘草', '生姜', '芍药', '苦杏仁', '麻黄']",7,伤寒论类方,桂枝二麻黄一汤（十二）
12,麻黄杏仁薏苡甘草汤,"['甘草', '苦杏仁', '薏苡仁', '麻黄']",4,金匮名医验案精选,麻黄杏仁薏苡甘草汤
13,华盖散,"['桑白皮', '橘红', '甘草', '紫苏子', '苦杏仁', '赤茯苓', '麻黄']",7,严氏济生方,华盖散
14,三拗汤,"['甘草', '苦杏仁', '麻黄']",3,是斋百一选方,三拗汤
15,大青龙汤,"['大枣', '桂枝', '甘草', '生姜', '石膏', '苦杏仁', '麻黄']",7,经方杂谈,29大青龙汤
16,桂枝汤,"['大枣', '桂枝', '甘草', '生姜', '芍药']",5,经方一百首,010、桂枝汤
17,桂枝加葛根汤,"['大枣', '桂枝', '甘草', '生姜', '芍药', '葛根']",6,伤寒寻源,桂枝加葛根汤
18,桂枝加厚朴杏子汤,"['厚朴', '大枣', '桂枝', '甘草', '生姜', '芍药', '苦杏仁']",7,伤寒论辑义,辨太阳病脉证并治中
19,桂枝二越婢一汤,"['大枣', '桂枝', '甘草', '生姜', '石膏', '芍药', '麻黄']",7,伤寒杂病论义疏,桂枝二越婢一汤方
20,桂枝加桂汤,"['大枣', '桂枝', '甘草', '生姜', '芍药']",5,伤寒论类方,桂枝加桂汤（三）
21,桂枝加芍药汤,"['大枣', '桂枝', '炙甘草', '生姜', '芍药']",5,伤寒寻源,桂枝加芍药汤
22,桂枝加大黄汤,"['大枣', '大黄', '桂枝', '甘草', '生姜', '芍药']",6,伤寒寻源,桂枝加大黄汤
23,九味羌活汤,"['川芎', '甘草', '生地', '白芷', '细辛', '羌活', '苍术', '防风', '黄芩']",9,时方歌括,九味羌活汤
24,大羌活汤,"['川芎', '独活', '甘草', '生地', '生姜', '白芷', '知母', '细辛', '苍术', '葱白', '防己', '防风', '黄连']",13,汤头歌诀,大羌活汤
25,金沸草散,"['前胡', '半夏', '大枣', '旋覆花', '甘草', '生姜', '荆芥', '赤芍', '赤茯苓', '麻黄']",10,汤头歌诀,金沸草散
26,小青龙汤,"['五味子', '半夏', '干姜', '桂枝', '甘草', '白芍', '细辛', '麻黄']",8,名方广用,小青龙汤　《伤寒论》
27,射干麻黄汤,"['五味子', '半夏', '大枣', '射干', '款冬花', '生姜', '紫菀', '细辛', '麻黄']",9,经方一百首,028、射干麻黄汤
28,柴胡桂枝汤,"['人参', '半夏', '大枣', '柴胡', '桂枝', '甘草', '生姜', '白芍', '黄芩']",9,伤寒贯珠集,少阳权变法第二
29,麻杏甘石汤,"['牡丹皮', '甘草', '白鲜皮', '石膏', '苦杏仁', '蒺藜', '蝉蜕', '麻黄']",8,名方广用,麻杏甘石汤　《伤寒论》
30,柴葛解肌汤,"['柴胡', '桔梗', '甘草', '白芷', '羌活', '芍药', '葛根', '黄芩']",8,医方论,发表之剂
31,升麻葛根汤,"['升麻', '甘草', '芍药', '葛根']",4,时方歌括,升麻葛根汤
32,败毒散,"['川芎', '枳壳', '柴胡', '桔梗', '独活', '甘草', '生姜', '羌活', '茯苓', '薄荷']",10,汤头歌诀,人参败毒
33,仓廪散,"['人参', '前胡', '川芎', '枳壳', '柴胡', '桔梗', '独活', '甘草', '羌活', '茯苓', '薄荷', '陈仓米', '骨碎补']",13,普济方,下痢不能饮食
34,荆防败毒散,"['前胡', '川芎', '枳壳', '柴胡', '桔梗', '独活', '甘草', '羌活', '茯苓', '荆芥', '薄荷', '防风']",12,伤寒心法要诀,伤寒附法
35,参苏饮,"['人参', '前胡', '半夏', '木香', '枳壳', '桔梗', '甘草', '粉葛', '紫苏', '茯苓', '陈皮']",11,汤头歌诀,参苏饮
36,麻黄细辛附子汤,"['细辛', '附子', '麻黄']",3,经方杂谈,14麻黄附子细辛汤
37,再造散,"['人参', '大枣', '川芎', '桂枝', '炮姜', '甘草', '白芍', '细辛', '羌活', '防风', '附子', '黄芪']",12,退思集类方歌注,麻黄汤类
38,麻黄附子甘草汤,"['甘草', '附子', '麻黄']",3,伤寒杂病论义疏,麻黄附子甘草汤方
39,千金葳蕤汤,"['土木香', '川芎', '独活', '玉竹', '甘草', '白薇', '石膏', '苦杏仁', '麻黄']",9,伤寒论辩证广注,附昔贤治温病方论变法
40,葱白七味饮,"['淡豆豉', '生地', '生姜', '粉葛', '葱白', '麦冬']",6,普济方,时气劳复
41,小续命汤,"['人参', '川芎', '甘草', '生姜', '白芍', '肉桂', '苦杏仁', '防己', '防风', '附子', '麻黄', '黄芩']",12,普济本事方,小续命汤
42,续命汤,"['人参', '川芎', '干姜', '当归', '桂枝', '甘草', '石膏', '苦杏仁', '麻黄']",9,删补名医方论,卷（三）
43,大承气汤,"['厚朴', '大黄', '枳实', '芒硝']",4,经方一百首,060、大承气汤
44,小承气汤,"['厚朴', '大黄', '枳实']",3,伤寒论辑义,辨阳明病脉证并治
45,调胃承气汤,"['大黄', '甘草', '芒硝']",3,伤寒寻源,调胃承气汤
46,大陷胸丸,"['大黄', '芒硝', '苦杏仁', '葶苈子']",4,伤寒溯源集,结胸证治第三
47,大陷胸汤,"['大黄', '甘遂', '芒硝']",3,伤寒明理论,大陷胸汤方
48,大黄牡丹汤,"['冬瓜仁', '大黄', '桃仁', '牡丹皮', '芒硝']",5,经方杂谈,41大黄牡丹汤
49,清肠饮,"['地榆', '当归', '玄参', '甘草', '薏苡仁', '金银花', '麦冬', '黄芩']",8,验方新编,大肠痈
50,厚朴大黄汤,"['厚朴', '大黄', '枳实']",3,伤寒论辑义,辨阳明病脉证并治
51,大黄附子汤,"['大黄', '细辛', '附子']",3,经方使用手册,大黄附子汤
52,三物备急丸,"['大黄', '巴豆', '干姜']",3,时方歌括,备急丸
53,三物白散,"['川贝母', '巴豆', '桔梗']",3,伤寒溯源集,结胸证治第三
54,温脾汤,"['人参', '大黄', '干姜', '甘草', '附子']",5,外台秘要,温脾汤主脾气不足及不调下痢方六首
55,五仁丸,"['松子仁', '柏子仁', '桃仁', '苦杏仁', '郁李仁', '陈皮']",6,世医得效方,秘涩
56,麻子仁丸,"['厚朴', '大黄', '枳实', '火麻仁', '芍药', '苦杏仁']",6,经方一百首,064、麻子仁丸
57,五仁润肠丸,"['松子仁', '柏子仁', '桃仁', '苦杏仁', '郁李仁']",5,杨氏家藏方,滋肠五仁丸
58,控涎丹,"['京大戟', '甘遂', '白芥子']",3,三因极一病证方论,痰饮治法
59,十枣汤,"['京大戟', '大枣', '甘遂', '芫花']",4,伤寒寻源,十枣汤
60,舟车丸,"['京大戟', '大黄', '木香', '橘红', '牵牛子', '甘遂', '芫花', '轻粉', '青皮']",9,汤头歌诀,舟车
61,疏凿饮子,"['商陆', '大腹皮', '木通', '槟榔', '泽泻', '羌活', '花椒', '茯苓皮', '赤小豆']",9,汤头歌诀,疏凿
62,己椒苈黄丸,"['大黄', '花椒', '葶苈子', '防己']",4,金匮要略心典,痰饮咳嗽病脉证治第十二
63,越婢汤,"['大枣', '甘草', '生姜', '石膏', '麻黄']",5,金匮名医验案精选,越婢汤
64,越婢加半夏汤,"['半夏', '大枣', '甘草', '生姜', '石膏', '麻黄']",6,金匮要略浅注,肺痿肺痈咳嗽上气病脉证治第七
65,泽漆汤,"['党参', '半夏', '桂枝', '泽漆', '甘草', '生姜', '白前', '紫菀', '黄芩']",9,金匮名医验案精选,泽漆汤
67,增液承气汤,"['大黄', '玄参', '生地', '芒硝', '麦冬']",5,刘渡舟伤寒论十四讲,第九讲　试论承气汤类的加减证治
68,黄龙汤,"['人参', '厚朴', '大枣', '大黄', '当归', '枳实', '桔梗', '水', '甘草', '芒硝', '骨碎补']",11,伤寒六书,杀车槌法卷之三
69,小柴胡汤,"['人参', '半夏', '大枣', '柴胡', '甘草', '生姜', '黄芩']",7,经方一百首,030、小柴胡汤
70,厚朴七物汤,"['厚朴', '大枣', '大黄', '枳实', '桂枝', '甘草', '生姜']",7,金匮名医验案精选,厚朴七物汤
71,大柴胡汤,"['半夏', '大枣', '大黄', '枳实', '柴胡', '生姜', '芍药', '黄芩']",8,伤寒寻源,大柴胡汤
72,达原饮,"['厚朴', '槟榔', '甘草', '知母', '芍药', '草果', '黄芩']",7,文堂集验方,泄泻
73,清脾饮,"['乌梅', '半夏', '厚朴', '常山', '柴胡', '甘草', '生姜', '白术', '知母', '茯苓', '草果', '青皮', '麦冬', '黄芩']",14,汤头歌诀,清脾饮
74,四逆散,"['枳实', '柴胡', '甘草', '芍药']",4,伤寒明理论,四逆
75,柴胡疏肝散,"['川芎', '枳壳', '柴胡', '甘草', '芍药', '陈皮', '香附']",7,金匮翼,胁痛总论
76,枳实芍药散,"['枳实', '芍药']",2,订正仲景全书金匮要略注,妇人产后病脉证并治第二十一
77,芍药甘草汤,"['甘草', '芍药']",2,伤寒寻源,芍药甘草汤
78,加味逍遥散,"['当归', '柴胡', '栀子', '炮姜', '牡丹皮', '甘草', '白术', '白芍', '茯苓', '薄荷']",10,汤头歌诀,逍遥散
79,逍遥散,"['当归', '柴胡', '炮姜', '甘草', '白术', '白芍', '茯苓', '薄荷']",8,时方歌括,逍遥散
80,当归芍药散,"['川芎', '当归', '泽泻', '白术', '芍药', '茯苓']",6,经方一百首,085、当归芍药散
81,痛泻要方,"['白术', '白芍', '防风', '陈皮']",4,汤头歌诀,痛泻要方
82,七白散,"['白僵蚕', '白及', '白术', '白芷', '白茯苓', '白蔹', '白附子']",7,普济方,靥痣（附论）
83,半夏泻心汤,"['人参', '半夏', '大枣', '干姜', '甘草', '黄芩', '黄连']",7,金匮要略浅注,呕吐哕下利病脉证治第十七
84,生姜泻心汤,"['人参', '半夏', '大枣', '干姜', '甘草', '生姜', '黄芩', '黄连']",8,张卿子伤寒论,生姜泻心汤方第六十
85,甘草泻心汤,"['人参', '半夏', '大枣', '干姜', '甘草', '黄芩', '黄连']",7,伤寒论类方,甘草泻心汤（二）
86,黄连汤,"['人参', '半夏', '大枣', '干姜', '桂枝', '甘草', '黄连']",7,伤寒论辩证广注,辩太阳病脉证并治法下
87,附子泻心汤,"['大黄', '附子', '黄芩', '黄连']",4,伤寒寻源,附子泻心汤
88,白虎汤,"['人参', '甘草', '知母', '石膏', '粳米']",5,伤寒寻源,白虎汤
89,白虎加人参汤,"['人参', '甘草', '知母', '石膏', '粳米']",5,伤寒寻源,白虎加人参汤
90,白虎加桂枝汤,"['桂枝', '甘草', '知母', '石膏', '粳米']",5,经方一百首,047、白虎加桂枝汤
91,白虎加苍术汤,"['甘草', '知母', '石膏', '粳米', '苍术']",5,刘渡舟伤寒论十四讲,第八讲　试论白虎汤类的加减证治
92,竹叶石膏汤,"['人参', '半夏', '淡竹叶', '甘草', '石膏', '粳米', '麦冬']",7,伤寒论类方,竹叶石膏汤（三）
93,栀子甘草豉汤,"['栀子', '淡豆豉', '甘草']",3,伤寒寻源,栀子甘草豉汤
94,栀子豉汤,"['栀子', '淡豆豉']",2,伤寒杂病论义疏,栀子豉汤方
95,栀子生姜豉汤,"['栀子', '淡豆豉', '生姜']",3,伤寒论类方,栀子生姜豉汤（三）
96,栀子厚朴汤,"['厚朴', '枳实', '栀子']",3,经方杂谈,11栀子厚朴汤
97,防己地黄汤,"['桂枝', '甘草', '防己', '防风']",4,金匮名医验案精选,防己地黄汤
98,黄连解毒汤,"['栀子', '黄柏', '黄芩', '黄连']",4,汤头歌诀,黄连解毒汤
99,针头丸,"['川乌', '白僵蚕', '硼砂']",3,普济方,目赤痛
100,泻心汤,"['大黄', '黄芩', '黄连']",3,经方杂谈,13泻心汤
102,皂角散,"['大皂角', '蛤粉']",2,普济方,乳痈
103,凉膈散,"['大黄', '栀子', '淡竹叶', '甘草', '芒硝', '薄荷', '蜂蜜', '连翘', '黄芩']",9,汤头歌诀,凉膈
104,普济消毒饮,"['僵蚕', '升麻', '板蓝根', '柴胡', '桔梗', '牛蒡子', '玄参', '甘草', '薄荷', '连翘', '陈皮', '马勃', '黄芩', '黄连']",14,伤寒心法要诀,伤寒附法
105,仙方活命饮,"['乳香', '大皂角', '天花粉', '川贝母', '当归', '没药', '甘草', '白芷', '穿山甲', '赤芍', '金银花', '防风', '陈皮']",13,删补名医方论,卷（五）
106,五味消毒饮,"['天葵子', '紫花地丁', '蒲公英', '野菊花', '金银花']",5,验方新编,五味消毒饮
107,猪肤汤,"['猪肤', '米粉', '蜂蜜']",3,伤寒寻源,猪肤汤
108,驻车丸,"['当归', '阿胶', '骨碎补', '黄连']",4,严氏济生方,驻车丸
109,赤小豆当归散,"['当归', '赤小豆']",2,高注金匮要略,百合狐惑阴阳毒病证治第三
110,自然铜散,"['密陀僧', '甘草', '自然铜', '黄柏']",4,普济方,汤火疮
111,导赤散,"['木通', '淡竹叶', '甘草', '生地']",4,汤头歌诀,导赤
112,增味导赤散,"['地黄', '川芎', '木通', '栀子', '甘草', '赤芍', '车前子', '黄芩']",8,普济方,黄疸（附论）
113,清心莲子饮,"['人参', '卷柏', '地骨皮', '柴胡', '甘草', '赤茯苓', '车前子', '附子', '麦冬', '黄芩', '黄芪']",11,汤头歌诀,清心莲子
114,泽泻汤,"['泽泻', '白术']",2,经方一百首,044、泽泻汤
115,泻青丸,"['大黄', '川芎', '当归', '栀子', '羌活', '防风', '龙胆']",7,删补名医方论,卷（四）
116,当归龙荟丸,"['大黄', '当归', '木香', '栀子', '芦荟', '青黛', '麝香', '黄柏', '黄芩', '黄连', '龙胆']",11,医方论,泻火之剂
117,左金丸,"['吴茱萸', '黄连']",2,汤头歌诀,左金
118,香连丸,"['吴茱萸', '木香', '黄连']",3,时方歌括,香连丸
119,戊己丸,"['吴茱萸', '白芍', '黄连']",3,医方考,泄泻门第十二
120,桔梗汤,"['桔梗', '甘草']",2,经方一百首,002、桔梗汤
121,芍药汤,"['大黄', '当归', '木香', '槟榔', '甘草', '肉桂', '芍药', '黄芩', '黄连']",9,时方歌括,芍药汤
122,黄芩汤,"['大枣', '甘草', '芍药', '黄芩']",4,经方一百首,057、黄芩汤
123,黄芩加半夏生姜汤,"['半夏', '大枣', '甘草', '生姜', '芍药', '黄芩']",6,金匮要略浅注,呕吐哕下利病脉证治第十七
124,葛根黄芩黄连汤,"['甘草', '葛根', '黄芩', '黄连']",4,经方杂谈,16葛根芩连汤
125,玉女煎,"['熟地', '牛膝', '知母', '石膏', '麦冬']",5,退思集类方歌注,白虎汤类
126,白头翁汤,"['白头翁', '秦皮', '黄柏', '黄连']",4,伤寒论类方,白头翁汤（十八）
127,葶苈大枣泻肺汤,"['大枣', '葶苈子']",2,金匮要略浅注,肺痿肺痈咳嗽上气病脉证治第七
128,清胃散,"['升麻', '当归', '牡丹皮', '生地', '黄连']",5,医方论,泻火之剂
129,泻黄散,"['广藿香', '栀子', '甘草', '石膏', '防风']",5,世医得效方,脾胃
130,白头翁加甘草阿胶汤,"['甘草', '白头翁', '秦皮', '阿胶', '黄柏', '黄连']",6,高注金匮要略,妇人产后病脉证治第二十一
131,防风通圣散,"['大黄', '川芎', '当归', '栀子', '桔梗', '滑石', '甘草', '白术', '石膏', '芒硝', '荆芥', '薄荷', '赤芍', '连翘', '防风', '麻黄', '黄芩']",17,河间伤寒心要,【寒】第一双解散
132,苇茎汤,"['冬瓜仁', '桃仁', '芦根', '薏苡仁']",4,金匮要略心典,肺痿肺痈咳嗽上气病脉证治第七
133,泻白散,"['地骨皮', '桑白皮', '甘草']",3,时方歌括,泻白散
134,柴胡桂枝干姜汤,"['天花粉', '干姜', '柴胡', '桂枝', '牡蛎', '甘草', '黄芩']",7,经方杂谈,36柴胡桂枝干姜汤
135,五积散,"['半夏', '厚朴', '川芎', '干姜', '当归', '枳壳', '桔梗', '甘草', '白芷', '肉桂', '芍药', '苍术', '茯苓', '陈皮', '麻黄']",15,经方使用手册,五积散
136,石膏汤,"['栀子', '淡豆豉', '石膏', '麻黄', '黄柏', '黄芩', '黄连']",7,伤寒论辩证广注,附昔贤治阳明病方论变法
137,栀子大黄汤,"['大黄', '枳实', '栀子', '淡豆豉']",4,金匮玉函要略辑义,黄胆病脉证并治第十五（论二首、脉证十四条、方七首）
138,清骨散,"['地骨皮', '甘草', '知母', '秦艽', '胡黄连', '银柴胡', '青蒿', '鳖甲']",8,医方论,泻火之剂
139,当归六黄汤,"['地黄', '当归', '熟地', '黄柏', '黄芩', '黄芪', '黄连']",7,时方歌括,当归六黄汤
140,百合知母汤,"['百合', '知母']",2,高注金匮要略,百合狐惑阴阳毒病证治第三
142,滑石代赭汤,"['滑石', '百合', '赭石']",3,金匮玉函经二注,卷三 百合狐惑阴阳毒病证治第三
143,香薷散,"['厚朴', '白扁豆', '香薷']",3,时方歌括,香薷饮
144,六一散,"['滑石', '甘草']",2,时方歌括,六一散
145,益元散,"['朱砂', '滑石', '甘草']",3,时方歌括,六一散
146,碧玉散,"['滑石', '甘草', '青黛']",3,汤头歌诀,六一（散）
147,桂苓甘露散,"['泽泻', '滑石', '甘草', '白术', '石膏', '肉桂', '茯苓']",7,伤寒直格,诸证药石分剂
148,清暑益气汤,"['五味子', '人参', '升麻', '大枣', '当归', '泽泻', '炙甘草', '白术', '神曲', '苍术', '葛根', '陈皮', '青皮', '骨碎补', '麦冬', '黄柏', '黄芪']",17,时方歌括,清暑益气汤
149,理中丸,"['人参', '干姜', '甘草', '白术']",4,伤寒论类方,理中丸（一）
150,桂枝人参汤,"['人参', '干姜', '桂枝', '甘草', '白术']",5,伤寒寻源,桂枝人参汤
151,黄芪建中汤,"['大枣', '桂枝', '甘草', '生姜', '芍药', '饴糖', '黄芪']",7,金匮名医验案精选,黄芪建中汤
152,吴茱萸汤,"['人参', '吴茱萸', '大枣', '生姜']",4,经方一百首,095、吴茱萸汤
153,当归建中汤,"['当归', '甘草', '白芍', '肉桂']",4,太平惠民和剂局方,治妇人诸疾（附产图。外有治疗诸方，互见各类。）
154,大建中汤,"['人参', '干姜', '花椒']",3,金匮名医验案精选,大建中汤
155,小建中汤,"['大枣', '桂枝', '甘草', '生姜', '芍药', '饴糖']",6,经方一百首,011、小建中汤
156,理中化痰丸,"['人参', '半夏', '干姜', '甘草', '白术', '茯苓']",6,证治准绳·类方,痰饮
157,当归生姜羊肉汤,"['当归', '生姜', '羊肉']",3,金匮名医验案精选,当归生姜羊肉汤
158,四逆汤,"['干姜', '甘草', '附子']",3,经方一百首,077、四逆汤
159,通脉四逆汤,"['干姜', '甘草', '附子']",3,伤寒寻源,通脉四逆汤
160,四逆加人参汤,"['人参', '干姜', '甘草', '附子']",4,退思集类方歌注,四逆汤类
161,回阳救急汤,"['五味子', '人参', '半夏', '干姜', '甘草', '白术', '肉桂', '胆汁', '茯苓', '附子', '陈皮', '麝香']",12,时方歌括,回阳急救汤
162,白通汤,"['干姜', '葱白', '附子']",3,伤寒杂病论义疏,白通汤方
163,白通加猪胆汁汤,"['人尿', '干姜', '猪胆汁', '葱白', '附子']",5,张卿子伤寒论,白通加猪胆汁方第九十六
164,参附汤,"['人参', '附子']",2,时方歌括,附汤
165,黑锡丹,"['八角茴香', '川楝子', '木香', '沉香', '硫黄', '肉桂', '肉豆蔻', '胡芦巴', '补骨脂', '阳起石', '附子', '黑锡']",12,证治准绳·类方,诸逆冲上
166,干姜附子汤,"['干姜', '附子']",2,伤寒寻源,干姜附子汤
167,茯苓四逆汤,"['人参', '干姜', '甘草', '茯苓', '附子']",5,张卿子伤寒论,茯苓四逆汤方第三十
168,乌头赤石脂丸,"['干姜', '花椒', '草乌头', '赤石脂', '附子']",5,金匮要略浅注,胸痹心痛短气病脉证并治第九
169,当归四逆汤,"['大枣', '当归', '桂枝', '甘草', '白芍', '细辛', '通草']",7,名方广用,当归四逆汤　《伤寒论》
170,当归四逆加吴茱萸生姜汤,"['吴茱萸', '大枣', '当归', '桂枝', '甘草', '生姜', '细辛', '芍药', '通草']",9,伤寒杂病论义疏,当归四逆加吴茱萸生姜汤方
171,黄芪桂枝五物汤,"['大枣', '桂枝', '生姜', '白芍', '黄芪']",5,经方一百首,018、黄芪桂枝五物汤
172,阳和汤,"['熟地', '甘草', '肉桂', '骨碎补', '鹿角胶', '麻黄']",6,验方新编,阴疽诸方
173,芍药甘草附子汤,"['甘草', '芍药', '附子']",3,伤寒贯珠集,太阳斡旋法第三
174,乌头汤,"['甘草', '芍药', '草乌头', '麻黄', '黄芪']",5,金匮要略心典,中风历节病脉证并治第五
175,附子粳米汤,"['半夏', '大枣', '甘草', '粳米', '附子']",5,金匮要略心典,腹满寒疝宿食病脉证治第十
176,赤丸,"['半夏', '细辛', '茯苓', '草乌头']",4,金匮要略心典,腹满寒疝宿食病脉证治第十
177,大乌头煎,"['甘草', '草乌头', '黑豆']",3,金匮名医验案精选,大乌头煎
178,乌头桂枝汤,"['大枣', '桂枝', '甘草', '生姜', '芍药', '草乌头']",6,金匮名医验案精选,乌头桂枝汤
179,四君子汤,"['人参', '甘草', '白术', '茯苓']",4,汤头歌诀,四君子汤
180,增损肾沥汤,"['五味子', '人参', '大枣', '川芎', '当归', '桂心', '桑螵蛸', '泽泻', '生地', '生姜', '肾', '芍药', '茯苓', '远志', '鸡内金', '麦冬', '黄芩']",17,普济方,肾虚（附论）
181,香砂六君子汤,"['人参', '半夏', '木香', '甘草', '生姜', '白术', '砂仁', '茯苓', '陈皮']",9,删补名医方论,卷（一）
182,异功散,"['人参', '甘草', '白术', '茯苓', '陈皮']",5,普济方,脾胃气虚弱不能饮食（附论）
183,补中益气汤,"['人参', '升麻', '当归', '柴胡', '甘草', '白术', '陈皮', '黄芪']",8,证治准绳·类方,伤劳倦
184,参苓白术散,"['人参', '党参', '山药', '桔梗', '甘草', '白扁豆', '白术', '砂仁', '茯苓', '莲子', '薏苡仁']",11,名方广用,参芩白术散　《太平惠民和剂局方》
185,保元汤,"['人参', '甘草', '肉桂', '黄芪']",4,时方歌括,保元汤
186,七味白术散,"['人参', '广藿香', '木香', '甘草', '白术', '白茯苓', '粉葛']",7,黄帝素问宣明论方,补养总论
187,升阳益胃汤,"['人参', '半夏', '大枣', '柴胡', '泽泻', '独活', '甘草', '生姜', '白术', '白芍', '羌活', '茯苓', '防风', '陈皮', '黄芪', '黄连']",16,汤头歌诀,升阳益胃
188,生脉散,"['五味子', '人参', '麦冬']",3,时方歌括,生脉散
189,人参胡桃汤,"['人参', '核桃仁']",2,是斋百一选方,观音人参胡桃汤
190,人参蛤蚧散,"['人参', '川贝母', '桑白皮', '甘草', '知母', '苦杏仁', '茯苓', '蛤蚧']",8,医方考,咳嗽门第十七
191,玉屏风散,"['白术', '防风', '黄芪']",3,证治准绳·类方,自汗
192,四物汤,"['川芎', '当归', '生地', '白芍']",4,汤头歌诀,四物
193,贞元饮,"['当归', '熟地', '甘草']",3,时方妙用,喘促
194,增损当归丸,"['丁香', '全蝎', '四物汤', '小茴香', '川楝子', '延胡索', '木香', '独活', '续断', '防风']",10,普济方,血气心腹疼痛
195,圣愈汤,"['川芎', '当归', '黄芪']",3,时方歌括,圣愈汤
196,胶艾汤,"['川芎', '干姜', '当归', '甘草', '生地', '艾叶', '芍药', '阿胶']",8,普济方,从高坠下（附论）
197,当归补血汤,"['当归', '黄芪']",2,时方歌括,当归补血汤
198,归脾汤,"['人参', '当归', '木香', '甘草', '白术', '白茯苓', '远志', '酸枣仁', '黄芪', '龙眼肉']",10,时方歌括,归脾汤
199,人参养荣汤,"['五味子', '人参', '当归', '桂心', '熟地', '甘草', '白术', '白芍', '茯苓', '远志', '陈皮']",11,时方歌括,人参养荣汤
200,增损泽兰丸,"['人参', '厚朴', '川芎', '干姜', '当归', '柏子仁', '桂心', '泽兰', '牛膝', '甘草', '生地', '白术', '白芷', '石斛', '细辛', '芜荑', '藁本', '防风', '附子', '麦冬']",20,普济方,产后调补
201,增损四物汤,"['人参', '川芎', '干姜', '当归', '甘草', '白芍']",6,普济方,虚损
202,八珍汤,"['人参', '地黄', '川芎', '当归', '甘草', '白术', '白芍', '茯苓']",8,验方新编,损伤用药论
203,增损柴胡汤,"['人参', '半夏', '川芎', '柴胡', '甘草', '白芍', '陈皮']",7,类证活人书,卷第十九
204,十全大补汤,"['人参', '川芎', '当归', '熟地', '甘草', '白术', '白芍', '肉桂', '茯苓', '黄芪']",10,医方考,痉门第四十七
205,炙甘草汤,"['人参', '大枣', '桂枝', '火麻仁', '甘草', '生地', '生姜', '阿胶', '麦冬']",9,伤寒括要,太阳篇七十三方
206,泰山磐石散,"['党参', '川芎', '熟地', '甘草', '白术', '白芍', '砂仁', '糯米', '续断', '黄芩', '黄芪']",11,验方新编,保产诸方
207,六味地黄丸,"['地黄', '山茱萸', '山药', '泽泻', '牡丹皮', '茯苓']",6,医方论,补养之剂
208,知柏地黄丸,"['山茱萸', '熟地', '牡丹皮', '知母', '茯苓', '黄柏']",6,验方新编,知柏地黄汤
209,大补阴丸,"['熟地', '猪脊髓', '知母', '黄柏', '龟甲']",5,时方歌括,大补阴丸
210,虎潜丸,"['干姜', '当归', '熟地', '牛膝', '白芍', '知母', '虎胫骨', '锁阳', '陈皮', '黄柏', '龟甲']",11,时方歌括,虎潜丸
211,二至丸,"['大青盐', '杜仲', '补骨脂', '附子', '鹿角', '麋角']",6,严氏济生方,二至丸
212,桑麻丸,"['桑叶', '蜂蜜', '黑芝麻']",3,医方论,补养之剂
213,石斛夜光丸,"['五味子', '人参', '地黄', '天冬', '山药', '川芎', '枳壳', '枸杞子', '熟地', '牛膝', '犀角', '甘草', '石斛', '羚羊角', '肉苁蓉', '苦杏仁', '茯苓', '菊花', '菟丝子', '蒺藜', '防风', '青葙子', '麦冬', '黄连']",24,证治准绳·类方,内障
214,黄连阿胶汤,"['芍药', '阿胶', '鸡子黄', '黄芩', '黄连']",5,伤寒杂病论义疏,干地黄知母黄连阿胶汤方
215,肾气丸,"['山茱萸', '山药', '桂枝', '泽泻', '牡丹皮', '生地', '茯苓', '附子']",8,金匮要略心典,妇人杂病脉证并治第二十二
216,济生肾气丸,"['山茱萸', '山药', '泽泻', '熟地', '牛膝', '牡丹皮', '肉桂', '茯苓', '车前子', '附子']",10,金匮要略浅注,水气病脉证并治第十四
217,十补丸,"['厚朴', '巴戟天', '干姜', '桂心', '菟丝子', '附子']",6,世医得效方,诸淋
218,秃鸡散,"['五味子', '肉苁蓉', '菟丝子', '蛇床子', '远志']",5,医心方,用药石第二十六
219,地黄饮子,"['五味子', '大枣', '山茱萸', '巴戟天', '熟地', '生姜', '白茯苓', '石斛', '石菖蒲', '肉桂', '肉苁蓉', '薄荷', '远志', '附子', '麦冬']",15,金匮要略浅注,中风历节病脉证并治第五
220,龟鹿二仙胶,"['人参', '枸杞子', '鹿角', '龟甲']",4,时方歌括,龟鹿二仙胶
221,七宝美髯丹,"['何首乌', '川牛膝', '当归', '枸杞子', '白茯苓', '菟丝子', '补骨脂', '赤茯苓']",8,证治准绳·类方,第八册·髭发
222,翟平薯蓣丸,"['五味子', '山茱萸', '山药', '巴戟天', '杜仲', '泽泻', '牛膝', '生地', '肉苁蓉', '茯神', '菟丝子', '赤石脂']",12,普济方,虚劳羸瘦附论
223,牡蛎散,"['浮小麦', '牡蛎', '麻黄根', '黄芪']",4,汤头歌诀,阳虚自汗牡蛎散
224,玉屏风散,"['防风', '黄芪']",2,时方歌括,玉屏风散
225,真人养脏汤,"['人参', '当归', '木香', '甘草', '白术', '白芍', '肉桂', '附子']",8,时方歌括,真人养脏汤
226,燥肠丸,"['吴茱萸', '干姜', '罂粟壳', '诃子', '附子', '龙骨']",6,普济方,伤寒自利（附论）
227,赤石脂禹余粮汤,"['禹余粮', '赤石脂']",2,伤寒论类方,赤石脂禹余粮汤（一）
228,桃花汤,"['干姜', '粳米', '赤石脂']",3,伤寒寻源,桃花汤
229,金锁固精丸,"['沙苑子', '牡蛎', '芡实', '莲须', '龙骨']",5,时方歌括,金锁固精丸
230,水陆二仙丹,"['芡实', '金樱膏']",2,医方考,精浊门第四十一
231,缩泉丸,"['乌药', '山药', '益智仁']",3,普济方,小便利多
232,桑螵蛸散,"['人参', '当归', '桑螵蛸', '石菖蒲', '茯苓', '远志', '龙骨', '龟甲']",8,汤头歌诀,桑螵蛸散
233,封髓丹,"['甘草', '砂仁', '黄柏']",3,时方歌括,封髓丹
234,固经丸,"['樗白皮', '芍药', '香附', '黄柏', '黄芩', '龟甲']",6,汤头歌诀,经产之剂（十二首、附方二十二）
235,震灵丹,"['乳香', '五灵脂', '朱砂', '没药', '禹余粮', '紫石英', '赤石脂', '赭石']",8,证治准绳·类方,泄泻
236,朱砂安神丸,"['地黄', '当归', '朱砂', '甘草', '黄连']",5,时方歌括,朱砂安神丸
237,磁朱丸,"['朱砂', '磁石', '神曲']",3,时方歌括,磁砂丸
238,柴胡加龙骨牡蛎汤,"['人参', '半夏', '大枣', '大黄', '柴胡', '桂枝', '牡蛎', '生姜', '茯苓', '铅丹', '龙骨']",11,伤寒寻源,柴胡加龙骨牡蛎汤
239,桂枝甘草龙骨牡蛎汤,"['桂枝', '牡蛎', '甘草', '龙骨']",4,伤寒论辑义,辨太阳病脉证并治中
240,桂枝去芍药加蜀漆牡蛎龙骨救逆汤,"['大枣', '桂枝', '牡蛎', '甘草', '生姜', '蜀漆', '龙骨']",7,张卿子伤寒论,桂枝去芍药加蜀漆龙骨牡蛎救逆汤方第四十四
241,风引汤,"['大黄', '干姜', '桂枝', '滑石', '牡蛎', '甘草', '白石脂', '石膏', '紫石英', '赤石脂', '龙骨']",11,金匮要略浅注,中风历节病脉证并治第五
242,天王补心丹,"['丹参', '五味子', '人参', '地黄', '天冬', '当归', '柏子仁', '桔梗', '玄参', '白茯苓', '远志', '酸枣仁', '麦冬', '黄连']",14,证治准绳·类方,悸
243,枕中丹,"['石菖蒲', '远志', '龙骨', '龟甲']",4,医心方,益智方第四
244,酸枣仁汤,"['川芎', '甘草', '知母', '茯苓', '酸枣仁']",5,经方一百首,093、酸枣仁汤
245,定志丸,"['人参', '石菖蒲', '茯苓', '远志']",4,外台秘要,风惊恐失志喜忘及妄言方六首
246,甘麦大枣汤,"['大枣', '小麦', '甘草']",3,金匮名医验案精选,甘麦大枣汤
247,至宝丹,"['冰片', '安息香', '朱砂', '牛黄', '犀角', '玳瑁', '琥珀', '金箔', '银箔', '雄黄', '麝香']",11,证治准绳·类方,中风
248,苏合香丸,"['丁香', '乳香', '冰片', '安息香', '木香', '朱砂', '檀香', '沉香', '犀角', '白术', '苏合香', '荜茇', '诃子', '香附', '麝香']",15,苏沈良方,苏合香丸
249,越鞠丸,"['川芎', '栀子', '神曲', '苍术', '香附']",5,时方歌括,越鞠丸
250,瓜蒌薤白半夏汤,"['半夏', '瓜蒌子', '薤白', '酒']",4,金匮要略心典,胸痹心痛短气病脉证治第九
251,瓜蒌薤白白酒汤,"['瓜蒌子', '薤白', '酒']",3,高注金匮要略,胸痹心痛短气病脉证治第九
252,金铃子散,"['川楝子', '延胡索']",2,证治准绳·类方,心痛胃脘痛
253,延胡索汤,"['人参', '川芎', '延胡索', '当归', '牛膝', '生地']",6,普济方,产后血晕
254,半夏厚朴汤,"['半夏', '厚朴', '生姜', '紫苏叶', '茯苓']",5,金匮名医验案精选,半夏厚朴汤
255,厚朴温中汤,"['厚朴', '干姜', '木香', '甘草', '茯苓', '草豆蔻', '陈皮', '骨碎补']",8,汤头歌诀,浓朴温中
256,天台乌药散,"['乌药', '小茴香', '川楝子', '巴豆', '木香', '槟榔', '青皮', '高良姜']",8,医方论,祛寒之剂
257,橘核丸,"['厚朴', '川楝子', '延胡索', '昆布', '木通', '木香', '枳实', '桂心', '桃仁', '橘核', '海藻']",11,严氏济生方,橘核丸
258,四磨汤,"['乌药', '人参', '槟榔', '黑沉香']",4,时方歌括,四磨汤
259,定喘汤,"['半夏', '桑白皮', '款冬花', '甘草', '白果', '紫苏子', '苦杏仁', '麻黄', '黄芩']",9,汤头歌诀,定喘
260,导气汤,"['吴茱萸', '小茴香', '川楝子', '木香']",4,汤头歌诀,寒疝痛用导气汤
261,香棱丸,"['丁香', '三棱', '小茴香', '川楝子', '巴豆', '木香', '枳壳', '莪术', '青皮']",9,严氏济生方,香棱丸
262,枣肉平胃散,"['厚朴', '大枣', '甘草', '生姜', '苍术', '陈皮']",6,太平惠民和剂局方,卷之三 治一切气（附脾胃、积聚）
263,苏子降气汤,"['前胡', '半夏', '厚朴', '当归', '橘红', '甘草', '生姜', '紫苏子', '肉桂']",9,汤头歌诀,苏子降气
264,定喘汤,"['半夏', '桑白皮', '款冬花', '甘草', '白果', '紫苏子', '苦杏仁', '麻黄', '黄芩']",9,汤头歌诀,定喘
265,大半夏汤,"['人参', '半夏', '蜂蜜']",3,金匮名医验案精选,大半夏汤
266,干姜人参半夏丸,"['党参', '半夏', '干姜']",3,金匮名医验案精选,干姜人参半夏丸
267,旋覆代赭汤,"['人参', '半夏', '大枣', '旋覆花', '甘草', '生姜', '赭石']",7,经方一百首,039、旋覆代赭汤
268,橘皮竹茹汤,"['人参', '大枣', '甘草', '生姜', '竹茹', '陈皮']",6,金匮玉函经二注,卷十七 呕吐哕下利病脉证第十七
269,丁香柿蒂汤,"['丁香', '人参', '柿蒂', '生姜']",4,汤头歌诀,丁香柿蒂
270,厚朴麻黄汤,"['五味子', '半夏', '厚朴', '小麦', '干姜', '石膏', '细辛', '苦杏仁', '麻黄']",9,金匮名医验案精选,厚朴麻黄汤
271,枳实薤白桂枝汤,"['厚朴', '枳实', '桂枝', '瓜蒌子', '薤白']",5,金匮名医验案精选,枳实薤白桂枝汤
272,桂枝生姜枳实汤,"['枳实', '桂枝', '生姜']",3,金匮要略心典,胸痹心痛短气病脉证治第九
273,桃核承气汤,"['大黄', '桂枝', '桃仁', '甘草', '芒硝']",5,经方一百首,067、桃核承气汤
274,大黄蛰虫丸,"['土鳖虫', '大黄', '干漆', '桃仁', '水蛭', '甘草', '生地', '芍药', '苦杏仁', '虻虫', '蛴螬', '黄芩', '黄连']",13,经方一百首,098、大黄廑虫丸
275,蟅虫散,"['土鳖虫', '大黄', '桂心', '桃仁', '水蛭', '虻虫']",6,太平圣惠方,治被打损伤腹中有瘀血诸方
276,泽兰散,"['干姜', '泽兰', '甘草', '石膏', '防风', '附子']",6,太平圣惠方,治金疮下血虚竭诸方
277,身痛逐瘀汤,"['五灵脂', '地龙', '川芎', '当归', '桃仁', '没药', '牛膝', '甘草', '秦艽', '红花', '羌活', '香附']",12,全国名老中医秘方,十一、坐骨神经痛
278,七厘散,"['乳香', '儿茶', '冰片', '朱砂', '没药', '红花', '血竭', '麝香']",8,验方新编,增补伤科圣药七厘散
279,复原活血汤,"['大黄', '天花粉', '当归', '柴胡', '桃仁', '甘草', '穿山甲', '红花']",8,普济方,从高坠下（附论）
280,温经汤,"['人参', '半夏', '吴茱萸', '川芎', '当归', '桂枝', '牡丹皮', '甘草', '生姜', '芍药', '阿胶', '麦冬']",12,经方一百首,100、温经汤
281,失笑散,"['五灵脂', '蒲黄']",2,时方歌括,独圣散
282,手拈散,"['五灵脂', '延胡索', '没药', '草果']",4,是斋百一选方,手拈散
283,丹参饮,"['丹参', '檀香', '砂仁']",3,时方歌括,丹参饮
284,鳖甲煎丸,"['人参', '凌霄花', '半夏', '厚朴', '土鳖虫', '大黄', '射干', '干姜', '柴胡', '桂枝', '桃仁', '牡丹皮', '瞿麦', '石韦', '芍药', '葶苈子', '蜂房', '蜣螂', '赤硝', '阿胶', '鳖甲', '黄芩', '鼠妇']",23,金匮玉函要略辑义,疟病脉证并治第四（证二条、方六首）
285,桂枝茯苓丸,"['桂枝', '桃仁', '牡丹皮', '芍药', '茯苓']",5,经方杂谈,39桂枝茯苓丸
286,抵当汤,"['大黄', '桃仁', '水蛭', '虻虫']",4,张卿子伤寒论,抵当汤方第四十七
287,四生丸,"['侧柏叶', '地黄', '艾叶', '荷叶']",4,时方歌括,四生丸
288,十灰散,"['侧柏叶', '大蓟', '大黄', '小蓟', '栀子', '棕榈皮', '牡丹皮', '白茅根', '茜草', '荷叶']",10,验方新编,（各方）
289,咳血方,"['栀子', '海粉', '瓜蒌子', '诃子', '青黛']",5,医方考,血证门第二十一
290,小蓟饮子,"['地黄', '大蓟', '小蓟', '栀子', '淡竹叶', '滑石', '甘草', '蒲黄', '通草']",9,严氏济生方,小蓟饮子
291,黄土汤,"['伏龙肝', '甘草', '生地', '白术', '阿胶', '附子', '黄芩']",7,金匮要略心典,惊悸吐衄下血胸满瘀血病脉证治第十六
292,胶艾汤,"['川芎', '干姜', '当归', '甘草', '生地', '艾叶', '芍药', '阿胶']",8,普济方,从高坠下（附论）
293,脏连丸,"['猪大肠', '黄连']",2,奇方类编,血症门
294,棕灰散,"['棕榈皮', '蚕沙', '阿胶']",3,普济方,诸血
295,川芎茶调散,"['川芎', '甘草', '白芷', '细辛', '羌活', '荆芥', '薄荷', '防风']",8,汤头歌诀,川芎茶调散
296,小活络丹,"['乳香', '地龙', '天南星', '川乌', '没药', '草乌']",6,证治准绳·类方,脚气
297,牵正散,"['僵蚕', '全蝎', '白附子']",3,普济方,卒中风（附论）
298,止痉散,"['全蝎', '蜈蚣']",2,经方使用手册,止痉散
299,消风散,"['当归', '木通', '牛蒡子', '甘草', '生地', '知母', '石膏', '苍术', '苦参', '茯苓皮', '茺蔚子', '荆芥', '蝉蜕', '防风']",14,全国名老中医秘方,三十、肾炎
300,玉真散,"['天麻', '白芷', '白附子', '羌活', '胆南星', '防风']",6,验方新编,跌打损伤三方
301,木瓜丸,"['五加皮', '吴茱萸', '大青盐', '木瓜', '牛膝', '白术', '防风', '附子']",8,杨氏家藏方,木瓜丸
302,拨云退翳丸,"['地骨皮', '天花粉', '密蒙花', '川芎', '当归', '慈姑', '木贼', '枳实', '甘草', '羌活', '花椒', '荆芥', '菊花', '蒺藜', '蔓荆子', '薄荷', '蛇蜕', '蝉蜕', '黄连']",19,医方论,明目之剂
303,青州白丸子,"['半夏', '天南星', '川乌', '白附子']",4,普济本事方,青州白丸子
304,羚角钩藤汤,"['川贝母', '桑叶', '甘草', '生地', '白芍', '竹茹', '羚羊角', '茯苓', '菊花', '钩藤']",10,名方广用,羚角钩藤汤　《通俗伤寒论》
305,蚱蝉散,"['人参', '牛黄', '苦杏仁', '茯神', '蛇蜕', '蝉蜕', '钩藤', '麦冬', '龙齿']",9,太平圣惠方,治小儿惊悸诸方
306,地黄饮子,"['五味子', '大枣', '山茱萸', '巴戟天', '熟地', '生姜', '白茯苓', '石斛', '石菖蒲', '肉桂', '肉苁蓉', '薄荷', '远志', '附子', '麦冬']",15,金匮要略浅注,中风历节病脉证并治第五
307,清燥救肺汤,"['人参', '枇杷叶', '桑叶', '甘草', '石膏', '苦杏仁', '阿胶', '麦冬', '黑芝麻']",9,时方歌括,清燥救肺汤
308,增液汤,"['玄参', '生地', '麦冬']",3,名方广用,增液汤　《温病条辩》
309,增液承气汤,"['大黄', '玄参', '生地', '芒硝', '麦冬']",5,刘渡舟伤寒论十四讲,第九讲　试论承气汤类的加减证治
310,麦门冬汤,"['人参', '半夏', '大枣', '甘草', '粳米', '麦冬']",6,金匮名医验案精选,麦门冬汤
311,琼玉膏,"['人参', '地黄', '白茯苓', '蜂蜜']",4,时方歌括,琼玉膏
312,百合固金汤,"['地黄', '川贝母', '当归', '桔梗', '熟地', '玄参', '甘草', '百合', '芍药', '麦冬']",10,医方论,补养之剂
313,补肺阿胶汤,"['牛蒡子', '甘草', '糯米', '苦杏仁', '阿胶', '马兜铃']",6,世医得效方,泄泻
314,百合鸡子汤,"['百合', '鸡子黄']",2,金匮玉函经二注,卷三 百合狐惑阴阳毒病证治第三
315,栝楼牡蛎散,"['天花粉', '牡蛎']",2,金匮要略心典,百合狐惑阴阳毒病证治第三
316,平胃散,"['厚朴', '炙甘草', '苍术', '陈皮']",4,时方歌括,平胃散
317,不换金正气散,"['半夏', '厚朴', '广藿香', '甘草', '苍术', '陈皮']",6,普济方,中湿附论
318,藿香正气散,"['半夏曲', '厚朴', '大枣', '大腹皮', '广藿香', '桔梗', '甘草', '生姜', '白术', '白芷', '紫苏', '茯苓', '陈皮']",13,汤头歌诀,藿香正气
319,六和汤,"['人参', '半夏', '厚朴', '广藿香', '木瓜', '甘草', '白扁豆', '砂仁', '苦杏仁', '赤茯苓', '香薷']",11,普济方,中暑附论
320,厚姜半甘参汤,"['人参', '半夏', '厚朴', '甘草', '生姜']",5,张卿子伤寒论,厚朴生姜甘草半夏人参汤方第二十七
321,茵陈蒿汤,"['大黄', '栀子', '茵陈']",3,伤寒论类方,茵陈蒿汤（五）
322,栀子柏皮汤,"['栀子', '甘草', '黄柏']",3,经方杂谈,12栀子柏皮汤
323,茵陈四逆汤,"['甘草', '茵陈', '附子']",3,金匮玉函要略辑义,黄胆病脉证并治第十五（论二首、脉证十四条、方七首）
324,斩梦丹,"['滑石', '知母', '黄柏']",3,普济方,肾虚漏浊遗精（附论）
325,五淋散,"['当归', '栀子', '灯心草', '甘草', '芍药', '赤茯苓']",6,时方歌括,五淋散
326,拈痛汤,"['人参', '升麻', '当归', '泽泻', '猪苓', '甘草', '白术', '知母', '羌活', '苍术', '苦参', '茵陈', '葛根', '防风', '黄芩']",15,医方考,脚气门第六十
327,二妙散,"['苍术', '黄柏']",2,仁术便览,痛风（附湿痹 鹤膝风）
328,除湿胃苓汤,"['厚朴', '木通', '栀子', '桂心', '泽泻', '滑石', '猪苓', '甘草', '白术', '苍术', '赤茯苓', '防风', '陈皮']",13,验方新编,除湿胃苓汤
329,五苓散,"['桂枝', '泽泻', '猪苓', '白术', '茯苓']",5,伤寒明理论,五苓散方
330,泽漆丸,"['厚朴', '大黄', '木香', '槟榔', '泽泻', '泽漆', '肉桂', '郁李仁', '附子', '陈皮']",10,太平圣惠方,治食症诸方
331,茵陈五苓散,"['五苓散', '茵陈']",2,奇效良方,茵陈五苓散
332,泽泻散,"['木通', '枳壳', '桑白皮', '槟榔', '泽泻', '赤茯苓']",6,太平圣惠方,治妊娠胎间水气子满体肿诸方
333,猪苓汤,"['泽泻', '滑石', '猪苓', '茯苓', '阿胶']",5,伤寒括要,阳明篇凡十方
334,防己黄芪汤,"['甘草', '白术', '防己', '黄芪']",4,金匮名医验案精选,防己黄芪汤
335,防己茯苓汤,"['桂枝', '甘草', '茯苓', '防己', '黄芪']",5,金匮名医验案精选,防己茯苓汤
336,五皮散,"['大腹皮', '桑白皮', '生姜', '茯苓皮', '陈皮']",5,普济方,身体肿胀
337,五皮饮,"['大腹皮', '桑白皮', '生姜', '茯苓皮', '陈皮']",5,汤头歌诀,五皮饮
338,茯苓甘草汤,"['桂枝', '甘草', '生姜', '茯苓']",4,伤寒寻源,茯苓甘草汤
339,百合滑石散,"['滑石', '百合']",2,金匮要略心典,百合狐惑阴阳毒病证治第三
340,苓桂术甘汤,"['桂枝', '甘草', '白术', '茯苓']",4,张卿子伤寒论,茯苓桂枝白术甘草汤方第二十八
341,甘草干姜茯苓白术汤,"['干姜', '甘草', '白术', '茯苓']",4,时方歌括,肾着汤
342,败酱散,"['薏苡仁', '败酱', '附子']",3,高注金匮要略,疮痈肠痈浸淫病脉证治第十八
343,真武汤,"['生姜', '白术', '芍药', '茯苓', '附子']",5,经方一百首,078、真武汤
344,萆薢分清饮,"['乌药', '益智仁', '石菖蒲', '萆薢']",4,证治准绳·类方,赤白浊
345,羌活胜湿汤,"['川芎', '独活', '甘草', '羌活', '蔓荆子', '藁本', '防风']",7,汤头歌诀,羌活胜湿
346,珍宝三生丹,"['大黄', '山茱萸', '山药', '枳壳', '槟榔', '火麻仁', '牛膝', '独活', '菟丝子', '车前子', '郁李仁']",11,汤头歌诀,搜风顺气
347,增补省风汤,"['全蝎', '半夏', '川乌', '木香', '甘草', '白附子', '胆南星', '防风']",8,医方考,中风门第一
348,蠲痹汤,"['当归', '片姜黄', '甘草', '羌活', '赤茯苓', '黄芪']",6,严氏济生方,蠲痹汤
349,独活寄生汤,"['人参', '川芎', '当归', '杜仲', '桑寄生', '熟地', '牛膝', '独活', '甘草', '白芍', '秦艽', '细辛', '肉桂', '茯苓', '防风']",15,普济方,中风
350,鸡鸣散,"['吴茱萸', '木瓜', '桔梗', '槟榔', '橘红', '生姜', '紫苏叶']",7,时方歌括,鸡鸣散
351,桂枝芍药知母汤,"['桂枝', '甘草', '生姜', '白术', '知母', '芍药', '防风', '附子', '麻黄']",9,金匮名医验案精选,桂枝芍药知母汤
352,铁骨丹,"['乌梢蛇', '乳香', '五灵脂', '全蝎', '天麻', '川乌', '川芎', '巴戟天', '当归', '木鳖子', '杜仲', '没药', '牛膝', '独活', '白僵蚕', '白附子', '秦艽', '细辛', '续断', '羌活', '肉桂', '胆南星', '自然铜', '苍术', '草乌', '萆薢', '蒺藜', '薏苡仁', '虎胫骨', '补骨脂', '防风', '麝香', '麻黄']",33,奇效良方,铁骨丹
353,桂枝附子汤,"['大枣', '桂枝', '甘草', '生姜', '附子']",5,张卿子伤寒论,桂枝附子汤方第六十九
354,白术附子汤,"['大枣', '甘草', '生姜', '白术', '附子']",5,金匮要略心典,痉湿病脉证治第二
355,甘草附子汤,"['桂枝', '甘草', '白术', '附子']",4,伤寒寻源,甘草附子汤
356,二陈汤,"['半夏', '甘草', '茯苓', '陈皮']",4,时方歌括,二陈汤
357,导痰汤,"['半夏', '天南星', '枳实', '橘红', '甘草', '赤茯苓']",6,普济方,一切痰饮
358,涤痰汤,"['人参', '半夏', '枳实', '橘红', '甘草', '石菖蒲', '竹茹', '胆南星', '茯苓']",9,仁术便览,中风
359,温胆汤,"['半夏', '枳实', '甘草', '白茯苓', '竹茹', '陈皮']",6,时方歌括,温胆汤
360,十味温胆汤,"['五味子', '人参', '半夏', '枳实', '熟地', '甘草', '白茯苓', '远志', '酸枣仁', '陈皮']",10,证治准绳·类方,惊
361,茯苓丸,"['半夏', '枳壳', '芒硝', '茯苓']",4,时方歌括,指迷茯苓丸
362,苍附导痰丸,"['半夏', '枳壳', '甘草', '胆南星', '苍术', '茯苓', '陈皮', '香附']",8,验方新编,数月而经一行
363,启宫丸,"['半夏曲', '川芎', '橘红', '甘草', '白术', '神曲', '茯苓', '香附']",8,医方论,经产之剂
364,皂角化痰丸,"['人参', '半夏', '大皂角', '天南星', '枳壳', '白矾', '白附子', '赤茯苓']",8,证治准绳·类方,痰饮
365,散聚汤,"['半夏', '厚朴', '吴茱萸', '川芎', '当归', '枳壳', '桂心', '槟榔', '甘草', '苦杏仁', '茯苓', '附子', '陈皮']",13,证治准绳·类方,积聚
366,三棱煎,"['三棱', '半夏', '莪术', '青皮', '麦芽']",5,三因极一病证方论,妇人女子众病论证治法
367,苦酒汤,"['半夏', '醋', '鸡子白']",3,伤寒贯珠集,少阴诸法
368,清气化痰丸,"['枳实', '瓜蒌子', '生姜', '苦杏仁', '茯苓', '陈皮', '黄芩']",7,医方考,痰门第十五
369,小陷胸汤,"['半夏', '瓜蒌子', '黄连']",3,伤寒捷诀,结胸
370,柴胡陷胸汤,"['半夏', '枳实', '柴胡', '桔梗', '瓜蒌子', '生姜', '黄芩', '黄连']",8,伤寒大白,胸满
371,清肺汤,"['冬瓜仁', '凤凰衣', '苦杏仁', '薏苡仁', '防己']",5,普济方,肺实（附论）
372,消瘰丸,"['川贝母', '牡蛎', '玄参']",3,时方妙用,瘰
373,苓甘五味姜辛汤,"['五味子', '干姜', '甘草', '细辛', '茯苓']",5,金匮要略心典,痰饮咳嗽病脉证治第十二
374,三子养亲汤,"['白芥子', '紫苏子', '莱菔子']",3,医方考,痰门第十五
375,半夏白术天麻汤,"['人参', '半夏', '天麻', '泽泻', '白术', '苍术', '陈皮', '黄芪']",8,普济方,膈痰风厥头痛（附论）
377,保和丸,"['半夏', '山楂', '神曲', '茯苓', '莱菔子', '连翘', '陈皮']",7,医方考,伤食门第二十九
378,鳖甲煎丸,"['人参', '凌霄花', '半夏', '厚朴', '土鳖虫', '大黄', '射干', '干姜', '柴胡', '桂枝', '桃仁', '牡丹皮', '瞿麦', '石韦', '芍药', '葶苈子', '蜂房', '蜣螂', '赤硝', '阿胶', '鳖甲', '黄芩', '鼠妇']",23,金匮玉函要略辑义,疟病脉证并治第四（证二条、方六首）
379,木香槟榔丸,"['大黄', '木香', '槟榔', '牵牛子', '莪术', '陈皮', '青皮', '香附', '黄柏', '黄连']",10,退思集类方歌注,承气汤类
380,健脾丸,"['人参', '山药', '木香', '甘草', '白术', '白茯苓', '砂仁', '神曲', '肉豆蔻', '陈皮', '麦芽', '黄连']",12,证治准绳·类方,不能食
381,枳术丸,"['枳实', '白术']",2,证治准绳·类方,伤饮食
382,资生丸,"['人参', '山楂', '山药', '广藿香', '桔梗', '橘红', '泽泻', '甘草', '白扁豆', '白术', '白茯苓', '白蔻', '神曲', '芡实', '莲子', '薏苡仁', '麦芽', '黄连']",18,奇方类编,脾胃门
383,曲蘗枳术丸,"['枳实', '白术', '神曲', '麦曲']",4,普济方,饮食劳倦
384,橘半枳术丸,"['半夏', '枳实', '白术', '陈皮']",4,经方一百首,045、枳术汤
385,枳实消痞丸,"['人参', '半夏曲', '厚朴', '干姜', '枳实', '甘草', '白术', '茯苓', '麦芽', '黄连']",10,医方论,消导之剂
387,葛花解酒汤,"['人参', '干姜', '木香', '橘红', '泽泻', '猪苓', '白术', '白茯苓', '白豆蔻', '砂仁', '神曲', '葛花', '青皮']",13,证治准绳·类方,伤饮食
388,乌梅丸,"['乌梅', '人参', '干姜', '当归', '桂枝', '细辛', '花椒', '附子', '黄柏', '黄连']",10,张卿子伤寒论,乌梅丸方第一百
389,肥儿丸,"['使君子', '槟榔', '神曲', '肉豆蔻', '麦芽', '黄连']",6,太平惠民和剂局方,治小儿诸疾（附诸汤、诸香。外有治疗诸方，互见各类。）
390,化虫丸,"['使君子', '槟榔', '白矾', '胡粉', '芜荑', '苦楝皮', '鹤虱']",7,医方论,杀虫之剂
391,瓜蒂散,"['瓜蒂', '赤小豆']",2,金匮要略心典,腹满寒疝宿食病脉证治第十
392,三圣散,"['没药', '琥珀', '西红花']",3,圣济总录,中风舌强不语
393,救急稀涎散,"['大皂角', '白矾']",2,圣济总录,卒中风
395,仙方活命饮,"['乳香', '大皂角', '天花粉', '川贝母', '当归', '没药', '甘草', '白芷', '穿山甲', '赤芍', '金银花', '防风', '陈皮']",13,删补名医方论,卷（五）
396,蟾酥丸,"['巴豆', '蟾酥', '附子', '麝香']",4,严氏济生方,蟾酥丸
397,连翘败毒散,"['升麻', '川芎', '当归', '柴胡', '栀子', '桔梗', '牛蒡子', '玄参', '羌活', '芍药', '薄荷', '连翘', '防风', '黄芩']",14,伤寒括要,杂方凡五十六方
398,五味消毒饮,"['天葵子', '紫花地丁', '蒲公英', '野菊花', '金银花']",5,验方新编,五味消毒饮
399,神效托里散,"['当归', '忍冬藤', '甘草', '黄芪']",4,普济方,痈疽发背作寒热
400,托里透脓汤,"['人参', '升麻', '当归', '慈姑', '甘草', '白术', '白芷', '皂角刺', '穿山甲', '青皮']",10,验方新编,托里透脓汤
401,阳和汤,"['熟地', '甘草', '肉桂', '骨碎补', '鹿角胶', '麻黄']",6,验方新编,阴疽诸方
402,清肠饮,"['地榆', '当归', '玄参', '甘草', '薏苡仁', '金银花', '麦冬', '黄芩']",8,验方新编,大肠痈
403,薏苡附子败酱散,"['薏苡仁', '败酱', '附子']",3,金匮名医验案精选,薏苡附子败酱散
404,大黄牡丹汤,"['冬瓜仁', '大黄', '桃仁', '牡丹皮', '芒硝']",5,经方杂谈,41大黄牡丹汤
405,苇茎汤,"['冬瓜仁', '桃仁', '芦根', '薏苡仁']",4,金匮要略心典,肺痿肺痈咳嗽上气病脉证治第七
406,薏苡仁汤,"['当归', '甘草', '肉桂', '芍药', '苍术', '薏苡仁', '麻黄']",7,奇效良方,薏苡仁汤
407,四生散,"['沙苑子', '白附子', '羌活', '黄芪']",4,苏沈良方,四生散
408,牡丹散,"['三棱', '延胡索', '当归', '桂心', '牛膝', '牡丹皮', '莪术', '赤芍']",8,普济方,血气心腹疼痛
409,生肌玉红膏,"['当归', '甘草', '白芷', '紫草', '蜂蜡', '血竭', '轻粉', '麻油']",8,文堂集验方,外科
410,皂刺散,"['五灵脂', '瓜蒌皮', '皂角刺']",3,普济方,诸痈疽
